P_id,Name,Phone,Street_Address,City,State,Zip_Code,Birth_Date
543513291,Johnetta Stephan Ê,3296846364,331 South Pine Ave,Annandale,VA,22003,1984-04-14
119345502,Hyman Luciano Ê,3133528363,2 Steam St,Herndon,VA,20171,1985-06-04
367762949,Dixie Gil Ê,4108625001,208 Hilldale,Lane Gore,VA,22637,1992-03-04
337745025,Camellia Jerome Ê,4840455177,4 Dew Dr,Haymarket,VA,20169,1995-04-07
908317676,Jody Lincoln Ê,9551514226,8535 Wintergreen St,Blacksburg,VA,24062,1972-01-31
954467240,Wilfred Miguel Ê,7218133471,832 Branch Drive,Columbia,VA,23038,1975-09-29
246943885,Tessa Sanford Ê,2136573906,9375 Lawn Street,Mc Lean,VA,22106,1982-09-24
594921238,Dara Sturtevant Ê,7571077024,7067 West Cherry St,Richmond,VA,23222,1978-07-22
920520953,Brittany Koester Ê,6628519351,67 4th Lane,Fieldale,VA,24089,1997-09-10
876118359,Trudie Armwood Ê,1799390936,642 Great Street,Virgilina,VA,24598,1990-11-13
263807464,Angelica Bill Ê,1734511922,62 Durham Street,Gasburg,VA,23857,1980-01-30
482676201,Elanor Swinehart Ê,3110094979,60 East San Carlos Rd,Radford,VA,24141,1975-10-03
652570555,Lance Dampier Ê,5090795222,8314 Boulder Street,Bristol,VA,24202,1999-02-26
269835008,Dorotha Stthomas Ê,2944673542,88 Ridgewood St,Bowling Green,VA,22427,1972-05-20
886576419,Octavio Zilnicki Ê,3793859093,7 Pheasant St,Sandy Level,VA,24161,1994-06-10
650331123,Jennifer Wilborn Ê,5839153317,628 Ohio St,Arlington,VA,22203,1989-05-20
537282389,Euna Ohagan Ê,1974626940,8749 Trout Ave,Jetersville,VA,23083,1964-06-13
385222972,Glendora Hilger Ê,4183152145,348 Courtland Drive,Manquin,VA,23106,1988-10-09
317272399,Lakeesha Ravenell Ê,4111075830,16 West Creekside Rd,Schuyler,VA,22969,1995-02-21
232656000,Janett Kirklin Ê,5569894104,717 Market St,Goodview,VA,24095,1967-08-12
470553224,Anastacia Hodapp Ê,6012667006,642 Sycamore Ave,Center Cross,VA,22437,1990-07-08
465094974,Benedict Midkiff Ê,1231618777,452 Lilac Street,Richmond,VA,23226,1999-09-08
583496502,Pura Nevarez Ê,8527792718,57 Court St,Fort Belvoir,VA,22060,1989-03-28
115749468,Rosendo Nova Ê,7023095528,519 Newbridge Rd,Doran,VA,24612,1986-09-19
146548068,Myrtice Empey Ê,6088631835,57 Bellow Avenue,Stephenson,VA,22656,1985-09-17
694663975,Jeanne Bielecki Ê,9505814445,352 Annadale Street,Ophelia,VA,22530,1996-08-03
335143000,Alix Ferguson Ê,7953934662,8333 W Seacoast S,Doswell,VA,23047,1994-04-29
677065426,Duane Taylor Ê,2377604381,343 W Belmont Dr,Waverly,VA,23890,1989-01-14
819784948,Nadene Trojan Ê,3250919509,9163 East Manchester Rd,Virginia Beach,VA,23464,1993-08-18
926056558,Alan Silvers Ê,9261656529,671 Hillside Dr,Arlington,VA,22240,1987-12-30
,,,,,,,
,,,,,,,
,,,,,,,
,,,,,,,
,,,,,,,
,,,,,,,
,,,,,,,
,,,,,,,
,,,,,,,
,,,,,,,
,,,,,,,
,,,,,,,